{
  "total_points": {
    "count": 40.0,
    "mean": 529.5,
    "std": 231.92461197774082,
    "min": 195.0,
    "25%": 370.75,
    "50%": 458.0,
    "75%": 710.0,
    "max": 1410.0
  },
  "eleven_pointers": {
    "count": 40.0,
    "mean": 6.625,
    "std": 5.409808281355786,
    "min": 1.0,
    "25%": 2.75,
    "50%": 4.5,
    "75%": 10.0,
    "max": 25.0
  },
  "word_count": {
    "count": 40.0,
    "mean": 376.1,
    "std": 92.93057789388973,
    "min": 197.0,
    "25%": 308.5,
    "50%": 372.0,
    "75%": 418.75,
    "max": 634.0
  },
  "avg_points_per_word": {
    "count": 40.0,
    "mean": 1.364582646594022,
    "std": 0.2923483215884929,
    "min": 0.8369098712446352,
    "25%": 1.1743589743589744,
    "50%": 1.323590423101526,
    "75%": 1.5736263736263736,
    "max": 2.22397476340694
  }
}
