{
    "total_points": {
        "count": 40.0,
        "mean": 531.875,
        "std": 232.85025313410202,
        "min": 195.0,
        "25%": 374.25,
        "50%": 458.0,
        "75%": 712.0,
        "max": 1410.0
    },
    "eleven_pointers": {
        "count": 40.0,
        "mean": 6.675,
        "std": 5.479039313134356,
        "min": 1.0,
        "25%": 2.75,
        "50%": 4.5,
        "75%": 10.0,
        "max": 25.0
    },
    "word_count": {
        "count": 40.0,
        "mean": 376.825,
        "std": 92.9904564995785,
        "min": 197.0,
        "25%": 309.0,
        "50%": 372.0,
        "75%": 418.75,
        "max": 634.0
    }
}