{"total_points": {"count": 40.0, "mean": 361.1, "std": 157.96036503843905, "min": 138.0, "25%": 255.75, "50%": 306.0, "75%": 438.75, "max": 777.0}, "eleven_pointers": {"count": 40.0, "mean": 3.175, "std": 3.3118861308308505, "min": 0.0, "25%": 1.0, "50%": 2.0, "75%": 4.25, "max": 10.0}, "word_count": {"count": 40.0, "mean": 189.375, "std": 60.73046272311864, "min": 91.0, "25%": 145.0, "50%": 177.5, "75%": 229.0, "max": 337.0}, "avg_points_per_word": {"count": 40.0, "mean": 1.8527269336482093, "std": 0.2528112436084049, "min": 1.4913793103448276, "25%": 1.678907065784894, "50%": 1.8160714285714286, "75%": 2.0021178803172317, "max": 2.326007326007326}}