{"total_points": {"count": 40.0, "mean": 482.875, "std": 208.91553777322767, "min": 185.0, "25%": 350.25, "50%": 428.0, "75%": 586.5, "max": 1135.0}, "eleven_pointers": {"count": 40.0, "mean": 4.925, "std": 4.462881097711174, "min": 0.0, "25%": 2.0, "50%": 3.0, "75%": 8.0, "max": 16.0}, "word_count": {"count": 40.0, "mean": 453.7, "std": 104.92517480420182, "min": 211.0, "25%": 395.0, "50%": 422.5, "75%": 503.25, "max": 733.0}, "avg_points_per_word": {"count": 40.0, "mean": 1.0292567856730261, "std": 0.2473639933791989, "min": 0.5957446808510638, "25%": 0.8530120481927711, "50%": 0.96176127211196, "75%": 1.2169069279996432, "max": 1.6940298507462686}}