{"total_points": {"count": 40.0, "mean": 654.175, "std": 276.52846911442816, "min": 235.0, "25%": 470.0, "50%": 584.5, "75%": 839.0, "max": 1588.0}, "eleven_pointers": {"count": 40.0, "mean": 7.8, "std": 6.136064052084369, "min": 1.0, "25%": 3.0, "50%": 5.0, "75%": 12.5, "max": 26.0}, "word_count": {"count": 40.0, "mean": 524.825, "std": 123.63488170560512, "min": 254.0, "25%": 456.25, "50%": 502.0, "75%": 586.25, "max": 823.0}, "avg_points_per_word": {"count": 40.0, "mean": 1.2077282312958262, "std": 0.27219694284481477, "min": 0.7164634146341463, "25%": 1.024849972722313, "50%": 1.1574468085106382, "75%": 1.4437956204379563, "max": 1.960493827160494}}